"","var.name","var.est","var.stat"
"1","N",1,0.637
"2","Alpha1",0.82912085686716,0.341386497631565
"3","Lambda1",0.53625674509391,0.692274186702723
