"","var.name","var.est","var.stat","var.up","var.low","var.alpha"
"30","N",2,0.63875,0,0,0.01
"31","A1",0.500909904807577,0.00514916233987789,0.506059067147455,0.495760742467699,0.01
"32","A2",0.49908972624382,0.00514934602627131,0.504239072270092,0.493940380217549,0.01
"33","Lambda1",0.964614854587687,0.0310809359811394,0.995695790568826,0.933533918606547,0.01
"34","Lambda2",0.101385120770553,0.00109454239976337,0.102479663170316,0.10029057837079,0.01
