"","var.name","var.est","var.stat","var.up","var.low","var.alpha"
"23","N",2,1,0,0,0.007
"24","A1",0.50069800538631,0.00500944209392818,0.505707447480238,0.495688563292381,0.007
"25","A2",0.499301693265205,0.0050094817282748,0.504311174993479,0.49429221153693,0.007
"26","Lambda1",0.967726115278789,0.0275691501686339,0.995295265447423,0.940156965110155,0.007
"27","Lambda2",0.101393837767778,0.0010783057202386,0.102472143488017,0.100315532047539,0.007
