"","var.name","var.est","var.stat","var.up","var.low","var.alpha"
"1","N",1,0.855,0,0,1e-04
"2","A1",0.999999992966467,1.83946355445295e-07,1.00000017691282,0.999999809020111,1e-04
"3","Lambda1",0.183840385623191,0.00132790501143338,0.185168290634624,0.182512480611757,1e-04
