"","var.name","var.est","var.stat","var.up","var.low","var.alpha"
"4","N",2,0.56,0,0,9e-04
"5","A1",0.501194352961399,0.0389935998007353,0.540187952762134,0.462200753160663,9e-04
"6","A2",0.498805567498787,0.0389935902759788,0.537799157774766,0.459811977222808,9e-04
"7","Lambda1",0.957593859048498,0.0669576827405806,1.02455154178908,0.890636176307917,9e-04
"8","Lambda2",0.101696302736096,0.00678340557415997,0.108479708310256,0.0949128971619363,9e-04
