"","var.name","var.est","var.stat","var.up","var.low","var.alpha"
"1","N",1,1,0,0,1e-04
"2","A1",0.999999993986329,1.70088224259617e-07,1.00000016407455,0.999999823898105,1e-04
"3","Lambda1",0.183822769896599,0.00134139351155015,0.185164163408149,0.182481376385048,1e-04
"4","N",2,0.7525,0,0,0.001
"5","A1",0.500872430407069,0.0357679963484296,0.536640426755499,0.465104434058639,0.001
"6","A2",0.499127506017655,0.0357679940606879,0.534895500078342,0.463359511956967,0.001
"7","Lambda1",0.960533449188467,0.0632259639314549,1.02375941311992,0.897307485257012,0.001
"8","Lambda2",0.101612800948754,0.00676383356554834,0.108376634514303,0.094848967383206,0.001
