"","var.name","var.est","var.stat","var.up","var.low","var.alpha"
"21","N",2,1,0,0,0.007
"22","A1",0.500789662935579,0.00494488020031738,0.505734543135896,0.495844782735262,0.007
"23","A2",0.499210006079693,0.00494507398803326,0.504155080067726,0.494264932091659,0.007
"24","Lambda1",0.966167233913089,0.0297557762477639,0.995923010160853,0.936411457665325,0.007
"25","Lambda2",0.101415461246492,0.00109115789437535,0.102506619140868,0.100324303352117,0.007
