"","var.name","var.est","var.stat","var.up","var.low","var.alpha"
"30","N",2,0.76875,0,0,0.01
"31","A1",0.500650125426656,0.00509983317361282,0.505749958600269,0.495550292253044,0.01
"32","A2",0.499349427166783,0.00510013617479498,0.504449563341578,0.494249290991988,0.01
"33","Lambda1",0.967523786396072,0.0269467653559313,0.994470551752003,0.940577021040141,0.01
"34","Lambda2",0.101366918818079,0.00109283810719321,0.102459756925272,0.100274080710886,0.01
