"","var.name","var.est","var.stat","var.up","var.low","var.alpha"
"4","N",2,0.56,0,0,0.001
"5","A1",0.498751193226647,0.0640374918131286,0.562788685039776,0.434713701413519,0.001
"6","A2",0.501248721344715,0.0640374952097209,0.565286216554436,0.437211226134994,0.001
"7","Lambda1",0.951808949203591,0.0975052082972763,1.04931415750087,0.854303740906314,0.001
"8","Lambda2",0.102101782897591,0.00896701596253967,0.111068798860131,0.0931347669350514,0.001
