"","var.name","var.est","var.stat","var.up","var.low","var.alpha"
"1","N",1,0.855,0,0,1e-04
"2","A1",0.999999992966467,1.83946355445295e-07,1.00000017691282,0.999999809020111,1e-04
"3","Lambda1",0.183840385623191,0.00132790501143338,0.185168290634624,0.182512480611757,1e-04
"4","N",1,1,0,0,0.001
"5","A1",0.999999990256333,2.23818935850289e-07,1.00000021407527,0.999999766437397,0.001
"6","Lambda1",0.183799095118285,0.00134047914189357,0.185139574260179,0.182458615976391,0.001
