"","var.name","var.est","var.stat"
"1","N",1,0.98
"2","Alpha1",0.999999649341363,1.84612626076056e-06
"3","Lambda1",0.0923687824321351,0.000553880400237279
