"","var.name","var.est","var.stat"
"1","N","2","0.804210526315789"
"2","Alpha1","0.981890976837026","0.0042087705575062"
"3","Alpha2","0.0180706361660047","0.00421565959973797"
"4","Lambda1","0.105003793880691","0.000873362167349127"
"5","Lambda2","0.0282128645021036","0.00298700057902122"
