"","var.name","var.est","var.stat"
"1","N",1,1
"2","Alpha1",0.999999999989839,6.8238505566145e-11
"3","Lambda1",0.0922441181314988,0.000617143456162839
