"","var.name","var.est","var.stat"
"1","N",1,1
"2","Alpha1",0.999999996765356,2.28318235397832e-08
"3","Lambda1",0.100204399619186,0.000658851235165344
