"","var.name","var.est","var.stat"
"1","N",3,0.86
"2","Alpha1",0.702825427991432,0.0349548204621643
"3","Alpha2",0.240364251037396,0.0290612657353367
"4","Alpha3",0.0568096455216668,0.0346713959534632
"5","Lambda1",0.0509541236625171,0.000561152184238879
"6","Lambda2",0.0513034521400856,0.00103016532347972
"7","Lambda3",0.384279270096504,0.900410251598003
