"","var.name","var.est","var.stat"
"1","N",1,1
"2","Alpha1",0.999999993463057,4.18881351659626e-08
"3","Lambda1",0.10024968161282,0.000653129774650339
