"","var.name","var.est","var.stat"
"1","N",1,1
"2","Alpha1",0.999999999545555,2.33729055242666e-09
"3","Lambda1",0.100231121665054,0.000643711625156919
