"","var.name","var.est","var.stat"
"1","N",2,1
"2","Alpha1",0.998171230501409,0.00120380443653892
"3","Alpha2",0.00182876890095154,0.00120380479442033
"4","Lambda1",0.0922504604644252,0.000565600378196517
"5","Lambda2",0.121446597941062,0.0545629035586952
