"","var.name","var.est","var.stat"
"1","N",1,0.511
"2","Alpha1",0.762680010964353,0.328536885392103
"3","Lambda1",0.625999436115156,0.684286770132044
